depth_nm,initial_concentration_cm3,final_concentration_cm3
1.25,537831640170636.9,4.017414709439153e+16
3.7500000000000004,558019917286115.44,4.039443473009994e+16
6.25,598944172640412.5,4.083525683611213e+16
8.75,661707830749698.2,4.149710376613225e+16
11.25,747986040857870.0,4.238070277608173e+16
13.75,860049568251432.5,4.348700813400512e+16
16.25,1000796435291372.1,4.4817187999179416e+16
18.75,1173791112922759.5,4.637260812715869e+16
21.25,1383310994323468.5,4.815481247194929e+16
23.75,1634399801046156.8,5.0165500771158984e+16
26.25,1932927476714318.0,5.240650321478486e+16
28.75,2285656012648188.0,5.487975231332299e+16
31.25,2700310522758858.5,5.758725209607984e+16
33.75,3185654741211847.0,6.0531044785920456e+16
36.25000000000001,3751569955865371.5,6.3713175112170056e+16
38.75,4409136214126833.0,6.7135652438947064e+16
41.25,5170714447158873.0,7.080041090176871e+16
43.75,6050027955592613.0,7.470926776078083e+16
46.25,7062241488184004.0,7.8863880194297e+16
48.75,8224035928144955.0,8.326570077141013e+16
51.25,9553676385028910.0,8.79159318571155e+16
53.75,1.107107127874127e+16,9.281547921753755e+16
56.25000000000001,1.2797819802995252e+16,9.796490510633242e+16
58.75,1.4757244975614906e+16,1.0336438112598133e+17
61.24999999999999,1.6974409330432858e+16,1.0901364116934162e+17
63.75,1.9476110188602616e+16,1.1491193475730605e+17
66.25,2.229085137476142e+16,1.2105798109754896e+17
68.75,2.5448788224610536e+16,1.2744992419695435e+17
71.25,2.8981642774006824e+16,1.3408528936623347e+17
73.75,3.2922586134094724e+16,1.4096094145926918e+17
76.25,3.730608525020153e+16,1.480730451917189e+17
78.75,4.2167711521014376e+16,1.5541702788320288e+17
81.25,4.754390912448063e+16,1.629875449648328e+17
83.75,5.347172136173755e+16,1.7077844858880438e+17
86.25000000000001,5.998847389201074e+16,1.7878275966913373e+17
88.75,6.713141438926566e+16,1.8699264367228666e+17
91.25,7.493730890229051e+16,1.953993904633482e+17
93.75,8.344199603776963e+16,2.0399339849748826e+17
96.25,9.26799010016561e+16,2.127641636277154e+17
98.75000000000001,1.0268351251546512e+17,2.2170027277837686e+17
101.25,1.134828266555018e+17,2.3078940270949254e+17
103.75,1.251047627258664e+17,2.4001832406997904e+17
106.25,1.3757255734880182e+17,2.4937291090813062e+17
108.75,1.5090514401432374e+17,2.588381557756103e+17
111.25,1.6511652634867085e+17,2.6839819052675213e+17
113.75,1.8021515430974458e+17,2.7803631287845165e+17
116.25,1.9620331336813952e+17,2.8773501875750806e+17
118.75,2.1307653745499472e+17,2.974760404222846e+17
121.25,2.3082305702359462e+17,3.072403903042464e+17
123.75,2.4942329395263734e+17,3.170084104726269e+17
126.25000000000001,2.688494151898498e+17,3.26759827582516e+17
128.75,2.89064956972852e+17,3.364738131234476e+17
131.25,3.100245311516646e+17,3.4612904874241754e+17
133.75,3.316736245607906e+17,3.557037963725766e+17
136.25,3.5394850154095194e+17,3.6517597285713626e+17
138.75,3.767762185903019e+17,3.7452322871750784e+17
141.25,4.000747587382228e+17,3.837230306759424e+17
143.75,4.2375329159488416e+17,3.927527475062882e+17
146.25,4.477125631572762e+17,4.015897387522908e+17
148.75,4.7184541737550195e+17,4.102114458216047e+17
151.25,4.9603744923680595e+17,4.185954849355955e+17
153.75,5.201677867507686e+17,4.267197413905474e+17
156.25,5.4410999676464384e+17,4.345624645653101e+17
158.75000000000003,5.677331070550601e+17,4.421023630939044e+17
161.25,5.909027346868133e+17,4.4931869960965715e+17
163.75,6.134823082590463e+17,4.561913844598779e+17
166.25,6.353343694320781e+17,4.6270106778746906e+17
168.75,6.563219371019839e+17,4.6882922937797875e+17
171.25,6.763099158194751e+17,4.7455826567772326e+17
173.75,6.951665285852833e+17,4.7987157340061696e+17
176.25,7.127647530407703e+17,4.84753629158328e+17
178.75,7.289837393472899e+17,4.891900645701066e+17
181.25,7.437101877397272e+17,4.931677363350993e+17
183.75,7.568396638677682e+17,4.966747907809222e+17
186.25000000000003,7.682778306114977e+17,4.997007224374377e+17
188.75,7.779415760735587e+17,5.022364262239292e+17
191.25,7.857600188947991e+17,5.0427424288065683e+17
193.75,7.916753738895265e+17,5.0580799732197914e+17
196.25,7.956436632150127e+17,5.068330296372178e+17
198.75,7.976352608327761e+17,5.073462185169873e+17
201.25,7.976352608327721e+17,5.073459969361624e+17
203.75,7.956436632149998e+17,5.068323599797248e+17
206.25,7.916753738895027e+17,5.0580686475372224e+17
208.75,7.85760018894761e+17,5.0427262238015795e+17
211.25000000000003,7.779415760735005e+17,5.02234282131138e+17
213.75,7.682778306114108e+17,4.9969800781361754e+17
216.25,7.568396638676397e+17,4.966714465710726e+17
218.75,7.437101877395384e+17,4.9316369032185024e+17
221.25,7.289837393470132e+17,4.891852301053618e+17
223.75,7.127647530403667e+17,4.847479036562446e+17
226.25,6.951665285846963e+17,4.798648365726175e+17
228.75,6.76309915818623e+17,4.74550377487293e+17
231.25,6.563219371007501e+17,4.688200276898471e+17
233.75,6.353343694302963e+17,4.626903656824859e+17
236.25000000000003,6.134823082564797e+17,4.5617896718341274e+17
238.75,5.90902734683126e+17,4.4930432111765824e+17
241.25000000000003,5.6773310704977434e+17,4.420857421568914e+17
243.75,5.44109996757087e+17,4.345432803864409e+17
246.25000000000003,5.201677867399911e+17,4.2669762868957075e+17
248.75,4.9603744922147424e+17,4.185700284458963e+17
251.25000000000003,4.718454173537448e+17,4.1018217414275386e+17
253.75,4.4771256312647885e+17,4.015561174953593e+17
256.25,4.237532915513992e+17,3.9271417166391046e+17
258.75,4.000747586769752e+17,3.836788161434585e+17
261.25,3.767762185042528e+17,3.74472602885682e+17
263.75,3.5394850142035923e+17,3.651180641908664e+17
266.25,3.316736243922094e+17,3.556376228836404e+17
268.75,3.100245309165862e+17,3.460535052577916e+17
271.25,2.890649566458657e+17,3.363876572439653e+17
273.75,2.6884941473615786e+17,3.266616642197267e+17
276.25,2.494232933247143e+17,3.168966748446644e+17
278.75000000000006,2.3082305615669968e+17,3.071133292643529e+17
281.25,2.1307653626117005e+17,2.973316919864399e+17
283.75,1.962033117281957e+17,2.8757118969039526e+17
286.25,1.8021515206259606e+17,2.7785055418982797e+17
288.75,1.6511652327718323e+17,2.6818777072328086e+17
291.25,1.509051398265803e+17,2.5860003170636147e+17
293.75,1.3757255165338378e+17,2.491036960354257e+17
296.25,1.2510475499931984e+17,2.3971425399107808e+17
298.75,1.1348281619964798e+17,2.3044629774895686e+17
301.25,1.0268349840153874e+17,2.2131349746583197e+17
303.75,9.267988199741845e+16,2.1232858287138387e+17
306.25000000000006,8.344197051267707e+16,2.0350333026032646e+17
308.75,7.493727470446755e+16,1.9484855474610285e+17
311.25,6.7131368686355096e+16,1.8637410760635974e+17
313.75,5.998841296589055e+16,1.7808887852207814e+17
316.25,5.347164034449645e+16,1.7000080248659158e+17
318.75,4.754380165982757e+16,1.6211687113804506e+17
321.25,4.21675693313282e+16,1.544431482490903e+17
323.75,3.7305897584539736e+16,1.4698478909084304e+17
326.25,3.2922339066494504e+16,1.3974606337444138e+17
328.75000000000006,2.8981318314096812e+16,1.3273038146276362e+17
331.25,2.5448363193662836e+16,1.259403235371336e+17
333.75,2.2290295989529624e+16,1.1937767139891536e+17
336.25,1.947538628228798e+16,1.130434425837884e+17
338.75,1.6973468124477444e+16,1.0693792646703547e+17
341.25,1.4756024297293562e+16,1.0106072204123147e+17
343.75,1.2796240621447114e+16,9.541077705312608e+16
346.25,1.1069033405560974e+16,8.998642819412347e+16
348.75,9551053154183120.0,8.478544204833584e+16
351.25,8220667633065101.0,7.980505651359736e+16
353.75,7057927310627519.0,7.504202242380598e+16
356.25000000000006,6044516070397497.0,7.049264511534358e+16
358.75,5163689928424432.0,6.615282569589308e+16
361.25,4400206300654263.5,6.201810179051123e+16
363.75,3740246155867294.5,5.8083687557118776e+16
366.25,3171331167298910.5,5.43445127814542e+16
368.75,2682237746980750.5,5.079526087978944e+16
371.25,2262909616874414.5,4.743040565614682e+16
373.75,1904370344912532.2,4.424424667922364e+16
376.25,1598637056181506.8,4.1230943162534456e+16
378.75,1338636322939310.2,3.8384546249298824e+16
381.25,1118123044464327.9,3.5699029621168572e+16
383.75000000000006,931602950670069.1,3.316831836690048e+16
386.25,774259203151176.8,3.0786316063410804e+16
388.75,641883424431481.1,2.8546930037207664e+16
391.25,530811360760455.7,2.6444094788905972e+16
393.75,437863275529224.25,2.4471793577309376e+16
396.25,360289078595376.4,2.262407817235448e+16
398.75,295718120596147.2,2.089508679799876e+16
401.25,242113519574487.97,1.9279060296880148e+16
403.75,197730838690738.38,1.7770356558258382e+16
406.25,161080897111187.72,1.6363463259367856e+16
408.75,130896469989241.11,1.5053008977872848e+16
411.25000000000006,106102616426387.97,1.3833772739635412e+16
413.75,85790365100254.4,1.270069207150911e+16
416.25,69193484621297.89,1.1648869633393334e+16
418.75,55668068458429.57,1.0673578507359794e+16
421.25,44674671384152.07,9770266224343320.0
423.75,35762744864648.62,8934557610723680.0
426.25,28557131801775.55,8162256538168755.0
428.75,22746395773773.234,7449346660417770.0
431.25,18072775778102.75,6791991220321337.0
433.75000000000006,14323573912935.805,6186532009477567.0
436.25,11323799998069.658,5629487561279011.0
438.75000000000006,8929913472569.232,5117550656170154.0
441.25,7024518734436.57,4647585215474501.0
443.75,5511885195099.945,4216622657340963.0
446.25,4314177556472.8804,3821857785240941.0
448.75,3368295079833.7397,3460644276074492.0
451.25,2623230845790.0674,3130489831369807.0
453.75,2037873180263.7524,2829051051334252.0
456.25,1579181548138.7908,2554128087684184.0
458.75,1220678321324.5684,2303659127288260.5
461.25000000000006,941205955413.3407,2075714754743287.0
463.75,723906314609.1139,1868492238100492.5
466.25000000000006,555385231793.2036,1680309778104354.2
468.75,425030947662.0554,1509600757525036.5
471.25,324459909903.7752,1354908023484403.2
473.75,247067600224.30524,1214878232115322.2
476.25,187665661682.47314,1088256281473732.8
478.74999999999994,142189686171.8589,973879855357033.0
481.25000000000006,107464653011.38187,870674097583215.2
483.75,81017241034.60509,777646433361730.1
486.25,60926120103.652214,693881551646107.1
488.75,45702910561.23027,618536559803716.5
491.25000000000006,34197822905.269917,550836319571762.56
493.75000000000006,25525092407.072796,490068971090651.06
496.25,19004237570.051903,435581649814048.6
498.75,14113926208.2919,386776399286212.8
501.24999999999994,10455853700.459936,343106281146388.2
503.75000000000006,7726546402.485497,304071682261414.06
506.25,5695417956.593602,269216817594288.22
508.75,4187743247.0073905,238126426280432.12
511.25,3071487537.9664183,210422657396628.53
513.7500000000001,2247148286.8910494,185762141061193.44
516.25,1639943818.6058562,163833239788845.47
518.75,1193824458.286856,144353474430645.56
521.25,866894480.8200272,127067118549034.53
523.75,627922821.5430481,111742954701024.9
526.25,453691414.5409572,98172185819899.0
528.75,326985969.5114154,86166494688365.97
531.25,235077973.981006,75556244375377.38
533.75,168581154.56024152,66188812456340.96
536.25,120592520.49822694,57927051844378.02
538.75,86049031.13634433,50647871120990.836
541.25,61247146.665326096,44240927360946.26
543.75,43485052.71437933,38607424591714.266
546.2500000000001,30796999.403943356,33659011206252.934
548.75,21756602.251903344,29316769853612.723
551.25,15331618.47966366,25510293559538.08
553.75,10777032.65079364,22176842074200.95
556.25,7556569.091328181,19260572702128.203
558.75,5285235.948603897,16711840136415.115
561.25,3687383.99904051,14486560092014.527
563.75,2566177.052641889,12545631808222.348
566.25,1781431.5155039248,10854414765782.018
568.7500000000001,1233575.9937075942,9382255237009.71
571.25,852073.2883039269,8102058556018.865
573.75,587086.7194760714,6989903258844.379
576.25,403498.40801646694,6024693498641.819
578.75,276627.6954180153,5187846388049.933
581.25,189175.00561572777,4463011158360.888
583.75,129046.46615626224,3835817252662.844
586.25,87809.74999598229,3293648687113.928
588.75,59601.01131298136,2825442220646.405
591.25,40353.27443649632,2421507068509.078
593.75,27253.24351953991,2073364079081.1804
596.25,18359.966163902598,1773602466390.5588
598.75,12337.859489221928,1515752352894.7285
601.25,8270.314540796504,1294171528565.1653
603.75,5529.915539471344,1103944973446.859
606.25,3688.3254308332866,940795821994.3718
608.75,2453.885145615973,801006568999.3894
611.25,1628.521490693856,681349429242.3873
613.75,1078.0701475041235,579024866563.2388
616.25,711.8931438225409,491607403308.1432
618.75,468.91795694086255,416997908536.0634
621.25,308.1010523621647,353381643421.98267
623.7500000000001,201.93135668284282,299191415438.7136
626.25,132.01661966952014,253075259587.98492
628.75,86.09297537159432,213868125629.14233
631.25,56.004263471013026,180567105350.04892
633.75,36.34031827729136,152309783854.2272
636.25,23.521804011260585,128355343997.76332
638.75,15.18681809879629,108068093877.26196
641.25,9.780863975989325,90903124004.80048
643.75,6.283504217329735,76393833845.90157
646.2500000000001,4.026622041016261,64141097060.31519
648.75,2.573914318304947,53803861370.90261
651.25,1.6412002292136185,45091002771.25124
653.75,1.0438625474355605,37754275026.401794
656.25,0.6622764720377583,31582214362.889694
658.75,0.41913082396836115,26394876105.63452
661.25,0.2645904344990666,22039295003.992474
663.75,0.1666145565607791,18385574284.9132
666.25,0.10465645201143146,15323520249.203438
668.75,0.06557425077562783,12759749644.220903
671.25,0.040984055475706375,10615206245.784588
673.75,0.02555116979726037,8823031193.589857
676.25,0.015889890672116786,7326738765.765851
678.7500000000001,0.009857012198507539,6078655555.990716
681.25,0.006099355441266975,5038586527.017741
683.75,0.0037647561826485653,4172676244.231798
686.25,0.0023179498281577665,3452437819.8682475
688.75,0.0014235917795541923,2853925792.66784
691.25,0.0008721298986988591,2357032391.572995
693.75,0.0005329557388776469,1944889441.48384
696.25,0.00032487431329642527,1603360613.9207175
698.75,0.0001975394634292247,1320610850.0362728
701.2500000000001,0.00011981374107300473,1086741627.1788807
703.75,7.248925755394203e-05,893482338.062656
706.25,4.374767109237029e-05,733929434.4618311
708.75,2.6336040945077244e-05,602326182.5328312
711.25,1.581467615093784e-05,493876908.46424174
713.75,9.472931153507585e-06,404590502.3709287
716.25,5.6600819969984856e-06,331148713.8245434
718.75,3.3734581625409542e-06,270795430.50425094
721.25,2.0055901953483533e-06,221243696.48728207
723.7500000000001,1.1893873935234294e-06,180597711.2102531
726.25,7.035884929490447e-07,147287465.06115732
728.75,4.151723180203761e-07,120014022.44842207
731.25,2.443724896596791e-07,97703766.34083274
733.75,1.4347971383378983e-07,79470176.89735307
736.25,8.403166215121293e-08,64581937.17124153
738.75,4.909188068003803e-08,52436346.40457051
741.25,2.8608207672044414e-08,42537180.82178387
743.75,1.662975662155914e-08,34476277.13971996
746.25,9.642627735952179e-09,27918228.73494564
748.75,5.577237924284495e-09,22587681.560567282
751.25,3.2177863628628306e-09,18258799.07575772
753.75,1.851865775553594e-09,14746534.868168414
756.2500000000001,1.0631047732043361e-09,11899410.221498985
758.75,6.087751192354683e-10,9593543.24306357
761.25,3.4773786595293924e-10,7727717.717893026
763.75,1.981350635285702e-10,6219314.79136683
766.25,1.126120737849146e-10,5000959.920544847
768.75,6.384440409270353e-11,4017762.1432123706
771.25,3.6105634633036933e-11,3225043.331490404
773.75,2.036767198336597e-11,2586472.350916207
776.25,1.1460988191303183e-11,2072533.4682965945
778.7500000000001,6.433051108765389e-12,1659270.393241456
781.25,3.6018548078294963e-12,1327257.380603136
783.75,2.011637238804187e-12,1060757.1864809752
786.25,1.120694897577491e-12,847032.631101417
788.75,6.22786781956961e-13,675784.3071091471
791.25,3.4522770581074253e-13,538691.7746841466
793.75,1.9089131146575552e-13,429039.5677687368
796.25,1.0528850155392731e-13,341412.6348640068
798.75,5.792819441088041e-14,271448.56765948323
801.2500000000001,3.179166715060694e-14,215636.22695382455
803.75,1.740407224938102e-14,171152.23801999868
806.25,9.503918774776645e-15,135728.36370467144
808.75,5.176888583042326e-15,107544.02899225551
811.2500000000001,2.812866910697865e-15,85139.31207350195
813.75,1.524557518507373e-15,67344.57290279759
816.25,8.24238141756392e-16,53223.593042627064
818.75,4.445041961829092e-16,42027.677050489496
821.25,2.391185598240869e-16,33158.63797199842
823.75,1.2831131957684603e-16,26138.97606581084
826.25,6.868010021185928e-17,20587.87593064306
828.75,3.6670018813829364e-17,16201.905320880818
831.25,1.953015136301455e-17,12739.509519400677
833.7500000000001,1.0375626970068645e-17,10008.56675638629
836.25,5.4984129449843896e-18,7856.40988255791
838.75,2.906528736654219e-18,6161.833134531658
841.25,1.5325905831011599e-18,4828.695144217677
843.75,8.061056184023633e-19,3780.8042634106855
846.25,4.229334229573747e-19,2957.8330135614765
848.75,2.213432743702304e-19,2312.0576621216587
851.25,1.155513215994346e-19,1805.7587250142503
853.75,6.01724600941683e-20,1409.1503602052326
856.2500000000001,3.125610678225114e-20,1098.7325871978815
858.75,1.619519792839792e-20,855.9812134467536
861.25,8.370509661649577e-21,666.3072257437536
863.75,4.315506824733345e-21,518.2309892193472
866.2500000000001,2.2193509185975862e-21,402.72751994833084
868.75,1.13850360631987e-21,312.70787171129746
871.25,5.825820611947976e-22,242.60871883112927
873.75,2.9736788820789237e-22,188.06786184656858
876.25,1.514067695635589e-22,145.66790354118336
878.7500000000001,7.689724522938967e-23,112.73395974237238
881.25,3.8957451099311766e-23,87.17416017126966
883.75,1.9687227064616335e-23,67.35400290257219
886.25,9.924138810694285e-24,51.997467264349375
888.7500000000001,4.990170378183851e-24,40.109257304692896
891.25,2.5029500422593685e-24,30.913716079083773
893.75,1.2522852135767269e-24,23.806880054100365
896.25,6.2498355168576625e-25,18.318881090118364
898.75,3.1113451167208435e-25,14.084489400673498
901.25,1.5450482599866904e-25,10.82005553073046
903.75,7.653325345630119e-26,8.305477499655305
906.25,3.781573674847643e-26,6.370110593291846
908.75,1.8638425412058137e-26,4.881767649021498
911.2500000000001,9.16347370364731e-27,3.73813964579073
913.75,4.49391982022408e-27,2.8601100151564203
916.25,2.1983901270988325e-27,2.186549308986051
918.75,1.0727498789914806e-27,1.670266038095512
921.25,5.22163423679883e-28,1.274859671644787
923.75,2.5352960749655175e-28,0.9722769563871897
926.25,1.2279061786818862e-28,0.740916045650196
928.75,5.932202247867641e-29,0.5641569283703833
931.25,2.8587815942807537e-29,0.42922330251175483
933.7500000000001,1.3742326712520588e-29,0.32630191243002105
936.25,6.58952067767023e-30,0.24786170372936978
938.75,3.1518217250024737e-30,0.18812791783574762
941.25,1.503778004240156e-30,0.14267622077397923
943.7500000000001,7.156819683853874e-31,0.10811974165767198
946.25,3.3975877824105385e-31,0.08186796202615176
948.75,1.6089241149992017e-31,0.061941121181613656
951.25,7.600019378240717e-32,0.046827478428055035
953.75,3.5810311764694016e-32,0.03537363056604723
956.25,1.6831226646216365e-32,0.026700302278698
958.7499999999999,7.891102745534818e-33,0.020137749098142872
961.2500000000001,3.690403826172071e-33,0.01517624764796336
963.7500000000001,1.721568665557606e-33,0.011428181862180713
966.2500000000001,8.01104314586112e-34,0.008599034021988344
968.75,3.718502312477868e-34,0.006465208058268982
971.25,1.7217151652228061e-34,0.0048570903932720665
973.75,7.951861689565167e-35,0.0036461223435057745
976.25,3.663452746363528e-35,0.0027349424207929324
978.75,1.683552385309295e-35,0.002049875885290752
981.2499999999999,7.717505337730169e-36,0.0015352174684055456
983.7500000000001,3.528917508262008e-36,0.0011488828009768265
986.2500000000001,1.6096088014945707e-36,0.0008591036623796707
988.7500000000001,7.323411431968628e-37,0.0006419186017951805
991.25,3.3236921621103404e-37,0.0004792691009646692
993.75,1.504673997872713e-37,0.00035755636173008586
996.25,6.794825421152822e-38,0.00026654818491866363
998.75,3.060754196443987e-38,0.00019855170548121258
1001.2499999999999,1.3752855125056395e-38,0.00014778784560293931
1003.7499999999999,6.164126551658684e-39,0.00010991869168483431
1006.2500000000001,2.755906559030381e-39,8.169070629924225e-05
1008.7500000000001,1.2290560651025901e-39,6.06656076471106e-05
1011.2500000000001,5.467555044011297e-40,4.5017542799922115e-05
1013.75,2.426212843500254e-40,3.338035001679542e-05
1016.25,1.0739372210824257e-40,2.473263483211466e-05
1018.75,4.74179916329581e-41,1.8311369095777574e-05
1021.25,2.0884384508254917e-41,1.3546986983533324e-05
1023.7499999999999,9.175177382516014e-42,1.0014669225474956e-05
1026.2500000000002,4.0208837910914085e-42,7.3978077083062695e-06
1028.75,1.757692249898142e-42,5.460627277585441e-06
1031.25,7.664404511409695e-43,4.027686234750182e-06
1033.75,3.3337134072204877e-43,2.9685397063990943e-06
1036.25,1.446413175803987e-43,2.186274871889979e-06
1038.75,6.259948216705884e-44,1.6089474800482483e-06
1041.25,2.7024855212730983e-44,1.1831906006788388e-06
1043.75,1.1637783532253321e-44,8.694484288494181e-07
1046.25,4.999095549543188e-45,6.384248026277543e-07
1048.7500000000002,2.1420364870413258e-45,4.684389700648533e-07
1051.25,9.155383793404889e-46,3.434584151822696e-07
1053.75,3.903377090072668e-46,2.5163654780808867e-07
1056.25,1.6600406648635153e-46,1.8422655167569818e-07
1058.75,7.042246271745632e-47,1.3477527005160777e-07
1061.25,2.980011596546244e-47,9.852540221087098e-08
1063.75,1.257879280174571e-47,7.197253103830111e-08
1066.25,5.296320239352655e-48,5.253713958010429e-08
1068.75,2.2244557633617847e-48,3.832195845412971e-08
1071.2500000000002,9.319391882932019e-49,2.7932584887035993e-08
1073.75,3.894624924238265e-49,2.0344979363380586e-08
1076.25,1.6235212118082204e-49,1.4807666012896335e-08
1078.75,6.750944837065708e-50,1.0769603954003887e-08
1081.25,2.800176556120025e-50,7.82703284063234e-09
1083.75,1.1585653482635857e-50,5.684331743039202e-09
1086.25,4.781563398983644e-51,4.125219361557579e-09
1088.75,1.9684915995284205e-51,2.9915797590579925e-09
1091.25,8.083723995910001e-52,2.1679065986095648e-09
1093.7500000000002,3.311339058373228e-52,1.569883865683685e-09
1096.25,1.3530383009275194e-52,1.1360095902994726e-09
1098.75,5.514813029376512e-53,8.214563997789728e-10
1101.25,2.2421556568865547e-53,5.935750260880735e-10
1103.75,9.093163277035482e-54,4.2860362634298265e-10
1106.25,3.6785654136416823e-54,3.0926139832866333e-10
1108.75,1.484418098987257e-54,2.2299020005194152e-10
1111.25,5.975142434363158e-55,1.6067065410387662e-10
1113.75,2.399134232754615e-55,1.1568541361364463e-10
1116.25,9.608931484417892e-56,8.323623688093146e-11
1118.75,3.8389274930922233e-56,5.984647808526898e-11
1121.25,1.5298857033401531e-56,4.299892701452924e-11
1123.75,6.081662656954415e-57,3.087237451647556e-11
1126.25,2.411570323697498e-57,2.2150135057877022e-11
1128.75,9.538757299827368e-58,1.5880975875168748e-11
1131.25,3.763552084981058e-58,1.1378184980060473e-11
1133.75,1.4812157672289555e-58,8.146373616477959e-12
1136.25,5.815043740165432e-59,5.8284318413784704e-12
1138.75,2.2772038480202865e-59,4.167117217987473e-12
1141.25,8.895392098222361e-60,2.977260544154771e-12
1143.75,3.466111640262401e-60,2.1256689562985175e-12
1146.25,1.347206785034809e-60,1.5166054555818733e-12
1148.75,5.2232431072190375e-61,1.081305286171348e-12
1151.25,2.0200423850375822e-61,7.704124617601212e-13
1153.75,7.792826155831568e-62,5.485270698665864e-13
1156.25,2.9987741451540513e-62,3.9027717758826496e-13
1158.7500000000002,1.1510834011885576e-62,2.7749112832046353e-13
1161.25,4.4074164547916865e-63,1.9716346327437385e-13
1163.75,1.6833547543134593e-63,1.3999279769453166e-13
1166.25,6.413298805947656e-64,9.933159241808346e-14
1168.75,2.437258331362856e-64,7.043233460056905e-14
1171.25,9.239232928958265e-65,4.9906864122735355e-14
1173.75,3.4936913332321354e-65,3.533885890304043e-14
1176.25,1.3177936566051153e-65,2.5006294061882308e-14
1178.75,4.958205886425191e-66,1.7682808667295682e-14
1181.2500000000002,1.8608696995655766e-66,1.2495648292391651e-14
1183.75,6.966612198319708e-67,8.824142208052067e-15
1186.25,2.6016062737081357e-67,6.227201136832779e-15
1188.75,9.691160145977646e-68,4.391577048242383e-15
1191.25,3.6010092192070666e-68,3.0949658844232404e-15
1193.75,1.3347101402152016e-68,2.1797139324893355e-15
1196.25,4.93473630508246e-69,1.5340938762256273e-15
1198.75,1.8199321821458494e-69,1.0789807637652415e-15
1201.25,6.695156341377769e-70,7.583772990485466e-16
1203.7500000000002,2.456860537985068e-70,5.326811521878702e-16
1206.25,8.993206183911195e-71,3.7390411626908237e-16
1208.75,3.2836953647903797e-71,2.622796516174065e-16
1211.25,1.195984174987738e-71,1.8385731425685243e-16
1213.75,4.345124955749924e-72,1.2879817596159245e-16
1216.25,1.5746838418895412e-72,9.016781084334338e-17
1218.75,5.692443592486776e-73,6.30822065060333e-17
1221.25,2.0526663566713708e-73,4.410382814557625e-17
1223.75,7.383329604635929e-74,3.081486602959098e-17
1226.2500000000002,2.649112565070403e-74,2.1515893680788043e-17
1228.75,9.481189620622354e-75,1.501322963375364e-17
1231.25,3.3848506890380337e-75,1.0468995669211196e-17
1233.75,1.2053979914854656e-75,7.295458483844087e-18
1236.25,4.281891660895888e-76,5.0806275643335784e-18
1238.75,1.517243025311385e-76,3.535898997860055e-18
1241.25,5.362766509656476e-77,2.459238132643159e-18
1243.75,1.8907621122506273e-77,1.7093070384415105e-18
1246.25,6.649655672685292e-78,1.1872956079379833e-18
1248.7500000000002,2.3327902301405483e-78,8.241712207499656e-19
1251.25,8.16331362283938e-79,5.717370713307083e-19
1253.75,2.8495188850803373e-79,3.9636573410050184e-19
1256.25,9.921808972509377e-80,2.74610547303194e-19
1258.75,3.446072789475813e-80,1.9013418363199258e-19
1261.25,1.1939119407341675e-80,1.315605233203801e-19
1263.75,4.126049261089571e-81,9.09732887680241e-20
1266.25,1.4223641104393658e-81,6.28674188202689e-20
1268.75,4.891042381689642e-82,4.3417150044187733e-20
1271.25,1.6776691959752927e-82,2.996549522390117e-20
1273.75,5.7401798337014366e-83,2.066838707235668e-20
1276.25,1.9591104922662982e-83,1.4246796079549408e-20
1278.75,6.669705011234893e-84,9.814175942153322e-21
1281.25,2.2650019791871627e-84,6.756425533732202e-21
1283.75,7.672639780644589e-85,4.6484395431494196e-21
1286.25,2.592598684406605e-85,3.1961336382867083e-21
1288.75,8.738563516121008e-86,2.1961941792637803e-21
1291.2500000000002,2.9380491854235276e-86,1.5081520119125824e-21
1293.75,9.85354128340859e-87,1.0350196297863785e-21
1296.25,3.2963998280033927e-87,7.09874627100295e-22
1298.75,1.1000228053546915e-87,4.865694409488533e-22
1301.25,3.6616578331100947e-88,3.3330254102187106e-22
1303.75,1.2158166667766994e-88,2.281726301217842e-22
1306.25,4.0269171084764226e-89,1.56106184960014e-22
1308.75,1.3304285358182378e-89,1.0673548269791526e-22
1311.25,4.384546460490375e-90,7.293402494532586e-23
1313.7500000000002,1.441358671624294e-90,4.9806348850345797e-23
1316.25,4.7264353080001647e-91,3.399170116663786e-23
1318.75,1.546000515654374e-91,2.3184368422250324e-23
1321.25,5.0442873073486306e-92,1.580346505621019e-23
1323.75,1.641739543089433e-92,1.0765756637139528e-23
1326.25,5.329947934237542e-93,7.329468583203398e-24
1328.75,1.7260601988089566e-93,4.986968360958293e-24
1331.25,5.575748468020852e-94,3.391075333042345e-24
1333.75,1.7966549280676423e-94,2.3044933824960137e-24
1336.2500000000002,5.774846382853295e-95,1.5651328191466098e-24
1338.75,1.8515287619999837e-95,1.0623439241252397e-24
1341.25,5.921541175275614e-96,7.206390421166373e-25
1343.75,1.8890928658193003e-96,4.885507064725715e-25
1346.25,6.011545328309591e-97,3.3101007591420257e-25
1348.75,1.908240935784538e-97,2.2413670935076678e-25
1351.25,6.04219245103657e-98,1.5167900737894193e-25
1353.75,1.908403320628024e-98,1.0258389182173877e-25
1356.25,6.012568496153425e-99,6.933852033202378e-26
1358.7500000000002,1.8895751730820323e-99,4.68394913650197e-26
1361.25,5.923557045000929e-100,3.162222832268891e-26
1363.75,1.8523166902355468e-100,2.1336145529489515e-26
1366.25,5.777795529457943e-101,1.4387427572703648e-26
1368.75,1.797725426087238e-101,9.696042743039338e-27
1371.25,5.5795454172987805e-102,6.53056222742352e-27
1373.75,1.7273825857826105e-102,4.3959404056620664e-27
1376.25,5.334485276722635e-103,2.9573224953150863e-27
1378.75,1.6432769683747273e-103,1.9883449761164378e-27
1381.2500000000002,5.049440740144451e-104,1.336076841885427e-27
1383.75,1.547711661486975e-104,8.97259940463734e-28
1386.25,4.732069274652988e-105,6.022166418388409e-28
1388.75,1.4431995891161204e-105,4.0395719634684815e-28
1391.25,4.39052003301455e-106,2.7081115995655184e-28
1393.75,1.3323545010217428e-106,1.814457773044483e-28
1396.25,4.0330897583166024e-107,1.2150013535962235e-28
1398.75,1.2177839487937603e-107,8.131239131191179e-29
1401.25,3.667894767362912e-108,5.438601862700987e-29
1403.75,1.101990251612523e-108,3.635539343398277e-29
1406.25,3.3025766194984894e-109,2.4288570999320204e-29
1408.75,9.872844915775768e-110,1.6217619158860176e-29
1411.25,2.944055494117757e-110,1.0822428699259536e-29
1413.75,8.757173066712967e-111,7.217974684808755e-30
1416.25,2.5983409457997498e-111,4.8112668400240984e-30
1418.75,7.690288019453109e-112,3.205217344862782e-30
1421.25,2.2704050156768267e-112,2.134076365406665e-30
1423.7500000000002,6.686184145521254e-113,1.4200948107413778e-30
1426.25,1.9641180785280553e-113,9.444524931079807e-31
1428.75,5.755341744321662e-114,6.277674104146363e-31
1431.25,1.682243673882002e-114,4.170362105604224e-31
1433.75,4.904796066827702e-115,2.768889304670584e-31
1436.25,1.4264851985585882e-115,1.8373619900995384e-31
1438.75,4.1383560042834704e-116,1.2185452031195284e-31
1441.25,1.1975749158530035e-116,8.076939308480483e-32
1443.75,3.4569396434224165e-117,5.350701559366138e-32
1446.2500000000002,9.95394340280194e-118,3.542695663497517e-32
1448.75,2.8589910833795443e-118,2.3443186643035456e-32
1451.25,8.191146595687977e-119,1.5504565500442763e-32
1453.75,2.3409431121220782e-119,1.0248567900820751e-32
1456.25,6.673463433333587e-120,6.770611042795123e-33
1458.75,1.8976930809145126e-120,4.470479609226459e-33
1461.25,5.382882834621304e-121,2.9501385490810388e-33
1463.75,1.523063966756268e-121,1.9457776803771633e-33
1466.25,4.2986850195431277e-122,1.2826465636149128e-33
1468.7500000000002,1.2102284779330432e-122,8.45053557631788e-34
1471.25,3.3987042618032273e-123,5.56449020635504e-34
1473.75,9.520804509277102e-124,3.6621060144829013e-34
1476.25,2.660407622273951e-124,2.4088030426584745e-34
1478.75,7.415440982523485e-125,1.5835689705256424e-34
1481.25,2.061769192450985e-125,1.0404913016400005e-34
1483.75,5.7181740848596303e-126,6.832917338038523e-35
1486.25,1.5819361978856024e-126,4.484774233372811e-35
1488.75,4.3655082997978144e-127,2.941996635016413e-35
1491.2500000000002,1.2016968882699965e-127,1.9289074382295103e-35
1493.75,3.2996609622615443e-128,1.2640047173005891e-35
1496.25,9.037700905812651e-129,8.278555272857764e-36
1498.75,2.469226188331739e-129,5.4191281523933114e-36
1501.25,6.729426405125815e-130,3.545469547460131e-36
1503.75,1.8294034140914037e-130,2.3183981692762786e-36
1506.25,4.96083961420266e-131,1.5152094692900973e-36
1508.75,1.3418845458873646e-131,9.897560564426828e-37
1511.25,3.620673638330472e-132,6.461821507791221e-37
1513.7500000000002,9.744910896966561e-133,4.216513543811149e-37
1516.25,2.6162583580897654e-133,2.749946525490404e-37
1518.75,7.006443897931725e-134,1.7925350590458594e-37
1521.25,1.8716685063810071e-134,1.1678422466428494e-37
1523.75,4.987403209665043e-135,7.604563150534711e-38
1526.25,1.3256665312985936e-135,4.949238433975533e-38
1528.75,3.514862717943577e-136,3.2194149073666716e-38
1531.25,9.296012654865345e-137,2.0931022390133996e-38
1533.75,2.452445184723617e-137,1.3601264950825282e-38
1536.2500000000002,6.453810002177301e-138,8.833727016821126e-39
1538.75,1.6941322357458195e-138,5.7343594295412704e-39
1541.25,4.436011879323324e-139,3.720510696776587e-39
1543.75,1.1586502469530407e-139,2.4126668661893917e-39
1546.25,3.0187439685305985e-140,1.5637587896201324e-39
1548.75,7.845388707597877e-141,1.0130251175389818e-39
1551.25,2.0338406134259617e-141,6.559174022148729e-40
1553.75,5.259368836045389e-142,4.244797981119332e-40
1556.2500000000002,1.3566399617819766e-142,2.7456443045833634e-40
1558.75,3.4906784632445332e-143,1.7750530582826426e-40
1561.25,8.95920246471476e-144,1.1469874390620737e-40
1563.75,2.2937343556917843e-144,7.407756230167541e-41
1566.25,5.857754302936403e-145,4.781848803150208e-41
1568.75,1.4922220314950335e-145,3.085223092755979e-41
1571.25,3.791840034009043e-146,1.9895704413069616e-41
1573.75,9.611271183299978e-147,1.282373447838725e-41
1576.25,2.4301099211556499e-147,8.261380036756963e-42
1578.7500000000002,6.1289385868892395e-148,5.3195391149945096e-42
1581.25,1.5419095014816225e-148,3.423569661621051e-42
1583.75,3.8694279414195956e-149,2.2022596534639167e-42
1586.25,9.686099053163775e-150,1.415932334069913e-42
1588.75,2.4186070381019523e-150,9.099164835660719e-43
1591.25,6.0241528479954874e-151,5.8444823779596964e-43
1593.75,1.4967212215544643e-151,3.752118043577436e-43
1596.25,3.7093696493309622e-152,2.4076495977252455e-43
1598.75,9.170089527776949e-153,1.5441761745223868e-43
1601.2500000000002,2.2613162366221806e-153,9.89891556445372e-44
1603.75,5.5624137532088375e-154,6.342581061735032e-44
1606.25,1.3648330893980862e-154,4.0619305545074007e-44
1608.75,3.340489106452311e-155,2.6000844206322345e-44
1611.25,8.15557977787631e-156,1.6635326018674597e-44
1613.75,1.9861584150323064e-156,1.0638111093219085e-44
1616.25,4.8248875137809525e-157,6.799664535291416e-45
1618.75,1.169162196935726e-157,4.344108231686687e-45
1621.25,2.8260289102549375e-158,2.773986819584076e-45
1623.7500000000002,6.813852056463549e-159,1.7705132339389967e-45
1626.25,1.6387890866292171e-159,1.1294978535048861e-45
1628.75,3.9315851880589315e-160,7.202172367813841e-46
1631.25,9.408634140638854e-161,4.590224215448297e-46
1633.75,2.245948201039117e-161,2.9241321409650036e-46
1636.25,5.347947734485293e-162,1.861886541328739e-46
1638.75,1.2702489263746462e-162,1.184958037795064e-46
1641.25,3.009572310943342e-163,7.537836031540966e-47
1643.75,7.112708205973491e-164,4.792749964275927e-47
1646.2500000000002,1.6767930532447663e-164,3.0459140566282426e-47
1648.75,3.9431037431536175e-165,1.934842940910727e-47
1651.25,9.249349810153392e-166,1.2284837102111277e-47
1653.75,2.164205367448154e-166,7.79631021686317e-48
1656.25,5.051263203192034e-167,4.94544363925275e-48
1658.75,1.1760229343136758e-167,3.135582620167287e-48
1661.25,2.731151852617735e-168,1.9871401420053567e-48
1663.75,6.326888310942103e-169,1.2587410908728637e-48
1666.2500000000002,1.4620046431938528e-169,7.969707751990303e-49
1668.7500000000002,3.36993558600249e-170,5.043672319714683e-49
1671.25,7.748340746596077e-171,3.1904373269117307e-49
1673.75,1.7770927157185504e-171,2.017218141504805e-49
1676.25,4.065610093434181e-172,1.274838618094356e-49
1678.75,9.278026933037212e-173,8.05299925382267e-50
1681.25,2.1120286037995485e-173,5.084644717740674e-50
1683.75,4.795768670743386e-174,3.208961265193277e-50
1686.25,1.0862528292662393e-174,2.024275633100505e-50
1688.7500000000002,2.4542447960517144e-175,1.2763698338117329e-50
1691.25,5.531196670300494e-176,8.044249405399755e-51
1693.75,1.2434679230115045e-176,5.067538233550318e-51
1696.25,2.7884594676250538e-177,3.190887193555802e-51
1698.75,6.237468270607609e-178,2.008302717250668e-51
1701.25,1.3917672941414254e-178,1.2634283152631439e-51
1703.75,3.097698657287746e-179,7.944675026557057e-52
1706.25,6.8774267299793095e-180,4.993512780880131e-52
1708.75,1.5230951695523703e-180,3.1371919082574346e-52
1711.2500000000002,3.3646692033579515e-181,1.970068343190568e-52
1713.75,7.414330978992528e-182,1.2365941220743717e-52
1716.25,1.6297306343528976e-182,7.75852448048672e-53
1718.75,3.573336807271784e-183,4.865612908839906e-53
1721.25,7.81531235834273e-184,3.050020998609245e-53
1723.75,1.7050337958509294e-184,1.9110645124747436e-53
1726.25,3.710512566440062e-185,1.1968934768308517e-53
1728.75,8.054694733461223e-186,7.492791956544599e-54
1731.25,1.744128699136702e-186,4.688568422188318e-54
1733.7500000000002,3.767230857967138e-187,2.932551441202382e-54
1736.25,8.116713282992698e-188,1.833412562311466e-54
1738.75,1.7444255506618605e-188,1.1457354081419207e-54
1741.25,3.739718709082446e-189,7.156792405150815e-55
1743.75,7.997232066446092e-190,4.468511107949727e-55
1746.25,1.7059045366976837e-190,2.7888039418479775e-55
1748.75,3.629811008367519e-191,1.73973951397758e-55
1751.25,7.704200319000041e-192,1.0848306703234823e-55
1753.75,1.6311180111411872e-192,6.761632252711749e-56
1756.2500000000002,3.4447480578743452e-193,4.212630648546517e-56
1758.75,7.256777516830149e-194,2.6234201059566775e-56
1761.25,1.5249107169648124e-194,1.6330342900064988e-56
1763.75,3.1963865066456948e-195,1.0160992826991382e-56
1766.25,6.683261040084403e-196,6.319616753258318e-57
1768.75,1.3939006611650437e-196,3.9287959273143716e-57
1771.25,2.899943172396384e-197,2.4414211785031865e-57
1773.75,6.01812791913249e-198,1.5164944536320134e-57
1776.25,1.2457979322618194e-198,9.415734426982923e-58
1778.7500000000002,2.5724566237377496e-199,5.843636641665307e-58
1781.25,5.298620057021643e-200,3.6251685808686286e-58
1783.75,1.0886587348628307e-200,2.2479651970724338e-58
1786.25,2.2311820516749164e-201,1.3933739980801395e-58
1788.75,4.561340757356488e-202,8.633023698108941e-59
1791.25,9.301742042720927e-203,5.34657478573168e-59
1793.75,1.8921272004268126e-203,3.3098339681980577e-59
1796.25,3.839287459782323e-204,2.0481180686216903e-59
1798.7500000000002,7.770790409632735e-205,1.2668417086983145e-59
1801.2500000000002,1.5688955257711646e-205,7.832649049563422e-60
1803.75,3.1596364642481023e-206,4.8407683213803216e-60
1806.25,6.347379629810013e-207,2.990471084977014e-60
1808.75,1.271938444445406e-207,1.846651574659342e-60
1811.25,2.542447409106684e-208,1.1398579174128672e-60
1813.75,5.069348239657411e-209,7.032945437409198e-61
1816.25,1.0082460700833275e-209,4.337554113060547e-61
1818.75,2.0003003614274757e-210,2.674077895400406e-61
1821.2500000000002,3.9585683930293485e-211,1.6478779874747653e-61
1823.7500000000002,7.814394924482602e-212,1.015075299956618e-61
1826.25,1.5387455952868457e-212,6.250201739430173e-62
1828.75,3.0224042652580154e-213,3.84691628805233e-62
1831.25,5.921783805314273e-214,2.3667627103902485e-62
1833.75,1.1573555703687534e-214,1.4555272423507528e-62
1836.25,2.2562921287973404e-215,8.947669859924743e-63
1838.75,4.3877120054803244e-216,5.498242780298797e-63
1841.25,8.511285603832422e-217,3.3772450588608826e-63
1843.7500000000002,1.6468971476667874e-217,2.0736062423906578e-63
1846.25,3.1787183912894483e-218,1.272668851069018e-63
1848.75,6.120006673373102e-219,7.807829047820316e-64
1851.25,1.1753467223794691e-219,4.788189012159978e-64
1853.75,2.2516162235800842e-220,2.9352069975326176e-64
1856.25,4.302659728237541e-221,1.798593378760056e-64
1858.75,8.201511494867068e-222,1.1016773045055991e-64
1861.25,1.559427030925148e-222,6.7453318258671015e-65
1863.75,2.9576752135527502e-223,4.128383998137801e-65
1866.2500000000002,5.59564519748937e-224,2.525719109270315e-65
1868.75,1.056000492761428e-224,1.5446089838779819e-65
1871.25,1.9878899407541757e-225,9.442368601203107e-66
1873.75,3.732800804856362e-226,5.769956970137441e-66
1876.25,6.991841231263815e-227,3.5244696324360293e-66
1878.75,1.3063590688068355e-227,2.1520129878570006e-66
1881.25,2.434713337886833e-228,1.313488459606762e-66
1883.75,4.5263420412642286e-229,8.013795097596562e-67
1886.25,8.393849286807204e-230,4.887436700765803e-67
1888.7500000000002,1.5527059916843477e-230,2.9795819610120654e-67
1891.25,2.8650457048667514e-231,1.8157712873941138e-67
1893.75,5.273368781829005e-232,1.1061115005697951e-67
1896.25,9.681864427224827e-233,6.735486405851961e-68
1898.75,1.7731444375987683e-233,4.099884754790462e-68
1901.25,3.2392427451506937e-234,2.4946366538750143e-68
1903.75,5.9027873694476335e-235,1.5173167391798527e-68
1906.25,1.072963745230395e-235,9.225264631100266e-69
1908.7500000000002,1.9454820127689542e-236,5.606804128720946e-69
1911.2500000000002,3.5187114626183815e-237,3.406326211058703e-69
1913.75,6.34825488472239e-238,2.0686724024130492e-69
1916.25,1.1424555690899237e-238,1.2558338031450186e-69
1918.75,2.050871955421112e-239,7.620928921802555e-70
1921.25,3.672417409169183e-240,4.622950865779386e-70
1923.75,6.559636781918465e-241,2.8032807674498308e-70
1926.25,1.1687505039562738e-241,1.699222299903411e-70
1928.75,2.0771989464839527e-242,1.0296044471985564e-70
1931.25,3.682549896174945e-243,6.236308011085095e-71
1933.75,6.51228577298592e-244,3.775912888098585e-71
1936.2499999999998,1.148768514676322e-244,2.2853565379626622e-71
1938.7499999999998,2.021370213133741e-245,1.3826869822863168e-71
1941.2499999999998,3.5479170960453565e-246,8.362420865131485e-72
1943.7500000000002,6.211769448946719e-247,5.055670111729021e-72
1946.2500000000002,1.0848544068757909e-247,3.055373570919727e-72
1948.7500000000002,1.8899131653770477e-248,1.8458189993002193e-72
1951.2500000000002,3.284176635265202e-249,1.1146882731455903e-72
1953.7500000000002,5.69279346051372e-250,6.72910956566635e-73
1956.2500000000002,9.843252181936367e-251,4.0607096345204056e-73
1958.75,1.6977199802112692e-251,2.4495525748832216e-73
1961.25,2.920840028051557e-252,1.4771085793082714e-73
1963.75,5.012608051159764e-253,8.903879234138658e-74
1966.25,8.580922641866915e-254,5.365222255488394e-74
1968.75,1.4652728073231424e-254,3.231754965494538e-74
1971.25,2.495842967159253e-255,1.9459540647735206e-74
1973.75,4.240629086618814e-256,1.1713130321276449e-74
1976.25,7.187164456479598e-257,7.048014151362412e-75
1978.75,1.2150639640527422e-257,4.239682583613685e-75
1981.2499999999998,2.0490613571071867e-258,2.549916998947813e-75
1983.7499999999998,3.446871150691682e-259,1.5338841300000497e-75
1986.2500000000002,5.783748487321485e-260,9.237234818267939e-76
1988.7500000000002,9.680727880168005e-261,5.583452514846896e-76
1991.2500000000002,1.6162959693735437e-261,3.411497732939371e-76
1993.7500000000002,2.6918324925649376e-262,2.1463736188316056e-76
1996.2500000000002,4.471872741342568e-263,1.4527463629858974e-76
1998.7500000000002,7.410458933058685e-264,1.1465777440626411e-76
